{"cameraMode":{"drawMode":0,"name":"Shaded","section":"Shading Mode"},"sceneLighting":true,"audioPlay":false,"sceneViewState":{"m_AlwaysRefresh":false,"showFog":true,"showSkybox":true,"showFlares":true,"showImageEffects":false,"showParticleSystems":true,"showVisualEffectGraphs":true,"m_FxEnabled":true},"in2DMode":false,"pivot":{"x":5.013514995574951,"y":18.536426544189454,"z":-14.727989196777344},"rotation":{"x":-0.30720213055610659,"y":0.15804621577262879,"z":-0.051813751459121707,"w":-0.9370094537734985},"size":1.0608811378479005,"orthographic":false}